1;1;Bolesławiec;1
2;2;Bolesławiec;2
3;3;Gromadka;3
4;4;Nowogrodziec;4
5;5;Osiecznica;5
6;6;Warta Bolesławiecka;6
7;7;Bielawa;7
8;8;Dzierżoniów;8
9;9;Pieszyce;9
10;10;Piława Górna;10
11;11;Dzierżoniów;11
12;12;Łagiewniki;12
13;13;Niemcza;13
14;14;Głogów;14
15;15;Głogów;15
16;16;Jerzmanowa;16
17;17;Kotla;17
18;18;Pęcław;18
19;19;Żukowice;19
20;20;Góra;20
21;21;Jemielno;21
22;22;Niechlów;22
23;23;Wąsosz;23
24;24;Jawor;24
25;25;Bolków;25
26;26;Męcinka;26
27;27;Mściwojów;27
28;28;Paszowice;28
29;29;Wądroże Wielkie;29
30;30;Karpacz;30
31;31;Kowary;31
32;32;Piechowice;32
33;33;Szklarska Poręba;33
34;34;Janowice Wielkie;34
35;35;Jeżów Sudecki;35
36;36;Mysłakowice;36
37;37;Podgórzyn;37
38;38;Stara Kamienica;38
39;39;Kamienna Góra;39
40;40;Kamienna Góra;40
41;41;Lubawka;41
42;42;Marciszów;42
43;43;Duszniki-Zdrój;43
44;44;Kłodzko;44
45;45;Kudowa-Zdrój;45
46;46;Nowa Ruda;46
47;47;Polanica-Zdrój;47
48;48;Bystrzyca Kłodzka;48
49;49;Kłodzko;49
50;50;Lądek-Zdrój;50
51;51;Lewin Kłodzki;51
52;52;Międzylesie;52
53;53;Nowa Ruda;53
54;54;Radków;54
55;55;Stronie Śląskie;55
56;56;Szczytna;56
57;57;Chojnów;57
58;58;Chojnów;58
59;59;Krotoszyce;59
60;60;Kunice;60
61;61;Legnickie Pole;61
62;62;Miłkowice;62
63;63;Prochowice;63
64;64;Ruja;64
65;65;Lubań;65
66;66;Świeradów-Zdrój;66
67;67;Leśna;67
68;68;Lubań;68
69;69;Olszyna;69
70;70;Platerówka;70
71;71;Siekierczyn;71
72;72;Lubin;72
73;73;Lubin;73
74;74;Rudna;74
75;75;Ścinawa;75
76;76;Gryfów Śląski;76
77;77;Lubomierz;77
78;78;Lwówek Śląski;78
79;79;Mirsk;79
80;80;Wleń;80
81;81;Cieszków;81
82;82;Krośnice;82
83;83;Milicz;83
84;84;Oleśnica;84
85;85;Bierutów;85
86;86;Dobroszyce;86
87;87;Dziadowa Kłoda;87
88;88;Międzybórz;88
89;89;Oleśnica;89
90;90;Syców;90
91;91;Twardogóra;91
92;92;Oława;92
93;93;Domaniów;93
94;94;Jelcz-Laskowice;94
95;95;Oława;95
96;96;Chocianów;96
97;97;Gaworzyce;97
98;98;Grębocice;98
99;99;Polkowice;99
100;100;Przemków;100
101;101;Radwanice;101
102;102;Borów;102
103;103;Kondratowice;103
104;104;Przeworno;104
105;105;Strzelin;105
106;106;Wiązów;106
107;107;Kostomłoty;107
108;108;Malczyce;108
109;109;Miękinia;109
110;110;Środa Śląska;110
111;111;Udanin;111
112;112;Świdnica;112
113;113;Świebodzice;113
114;114;Dobromierz;114
115;115;Jaworzyna Śląska;115
116;116;Marcinowice;116
117;117;Strzegom;117
118;118;Świdnica;118
119;119;Żarów;119
120;120;Oborniki Śląskie;120
121;121;Prusice;121
122;122;Trzebnica;122
123;123;Wisznia Mała;123
124;124;Zawonia;124
125;125;Żmigród;125
126;126;Boguszów-Gorce;126
127;127;Jedlina-Zdrój;127
128;128;Szczawno-Zdrój;128
129;129;Czarny Bór;129
130;130;Głuszyca;130
131;131;Mieroszów;131
132;132;Stare Bogaczowice;132
133;133;Walim;133
134;134;Brzeg Dolny;134
135;135;Wińsko;135
136;136;Wołów;136
137;137;Czernica;137
138;138;Długołęka;138
139;139;Jordanów Śląski;139
140;140;Kąty Wrocławskie;140
141;141;Kobierzyce;141
142;142;Mietków;142
143;143;Sobótka;143
144;144;Siechnice;144
145;145;Żórawina;145
146;146;Bardo;146
147;147;Ciepłowody;147
148;148;Kamieniec Ząbkowicki;148
149;149;Stoszowice;149
150;150;Ząbkowice Śląskie;150
151;151;Ziębice;151
152;152;Złoty Stok;152
153;153;Zawidów;153
154;154;Zgorzelec;154
155;155;Bogatynia;155
156;156;Pieńsk;156
157;157;Sulików;157
158;158;Węgliniec;158
159;159;Zgorzelec;159
160;160;Wojcieszów;160
161;161;Złotoryja;161
162;162;Pielgrzymka;162
163;163;Świerzawa;163
164;164;Zagrodno;164
165;165;Złotoryja;165
166;166;Jelenia Góra;166
167;167;Legnica;167
168;168;Wrocław;168
169;169;Wałbrzych;169
170;170;Aleksandrów Kujawski;170
171;171;Ciechocinek;171
172;172;Nieszawa;172
173;173;Aleksandrów Kujawski;173
174;174;Bądkowo;174
175;175;Koneck;175
176;176;Raciążek;176
177;177;Waganiec;177
178;178;Zakrzewo;178
179;179;Brodnica;179
180;180;Bobrowo;180
181;181;Brodnica;181
182;182;Brzozie;182
183;183;Górzno;183
184;184;Bartniczka;184
185;185;Jabłonowo Pomorskie;185
186;186;Osiek;186
187;187;Świedziebnia;187
188;188;Zbiczno;188
189;189;Białe Błota;189
190;190;Dąbrowa Chełmińska;190
191;191;Dobrcz;191
192;192;Koronowo;192
193;193;Nowa Wieś Wielka;193
194;194;Osielsko;194
195;195;Sicienko;195
196;196;Solec Kujawski;196
197;197;Chełmno;197
198;198;Chełmno;198
199;199;Kijewo Królewskie;199
200;200;Lisewo;200
201;201;Papowo Biskupie;201
202;202;Stolno;202
203;203;Unisław;203
204;204;Golub-Dobrzyń;204
205;205;Ciechocin;205
206;206;Golub-Dobrzyń;206
207;207;Kowalewo Pomorskie;207
208;208;Radomin;208
209;209;Zbójno;209
210;210;Grudziądz;210
211;211;Gruta;211
212;212;Łasin;212
213;213;Radzyń Chełmiński;213
214;214;Rogóźno;214
215;215;Świecie Nad Osą;215
216;216;Inowrocław;216
217;217;Dąbrowa Biskupia;217
218;218;Gniewkowo;218
219;219;Inowrocław;219
220;220;Janikowo;220
221;221;Kruszwica;221
222;222;Pakość;222
223;223;Rojewo;223
224;224;Złotniki Kujawskie;224
225;225;Lipno;225
226;226;Bobrowniki;226
227;227;Chrostkowo;227
228;228;Dobrzyń nad Wisłą;228
229;229;Kikół;229
230;230;Lipno;230
231;231;Skępe;231
232;232;Tłuchowo;232
233;233;Wielgie;233
234;234;Dąbrowa;234
235;235;Jeziora Wielkie;235
236;236;Mogilno;236
237;237;Strzelno;237
238;238;Kcynia;238
239;239;Mrocza;239
240;240;Nakło nad Notecią;240
241;241;Sadki;241
242;242;Szubin;242
243;243;Radziejów;243
244;244;Bytoń;244
245;245;Dobre;245
246;246;Osięciny;246
247;247;Piotrków Kujawski;247
248;248;Radziejów;248
249;249;Topólka;249
250;250;Rypin;250
251;251;Brzuze;251
252;252;Rogowo;252
253;253;Rypin;253
254;254;Skrwilno;254
255;255;Wąpielsk;255
256;256;Kamień Krajeński;256
257;257;Sępólno Krajeńskie;257
258;258;Sośno;258
259;259;Więcbork;259
260;260;Bukowiec;260
261;261;Dragacz;261
262;262;Drzycim;262
263;263;Jeżewo;263
264;264;Lniano;264
265;265;Nowe;265
266;266;Osie;266
267;267;Pruszcz;267
268;268;Świecie;268
269;269;Świekatowo;269
270;270;Warlubie;270
271;271;Chełmża;271
272;272;Chełmża;272
273;273;Czernikowo;273
274;274;Lubicz;274
275;275;Łubianka;275
276;276;Łysomice;276
277;277;Obrowo;277
278;278;Wielka Nieszawka;278
279;279;Zławieś Wielka;279
280;280;Cekcyn;280
281;281;Gostycyn;281
282;282;Kęsowo;282
283;283;Lubiewo;283
284;284;Śliwice;284
285;285;Tuchola;285
286;286;Wąbrzeźno;286
287;287;Dębowa Łąka;287
288;288;Książki;288
289;289;Płużnica;289
290;290;Wąbrzeźno;290
291;291;Kowal;291
292;292;Baruchowo;292
293;293;Boniewo;293
294;294;Brześć Kujawski;294
295;295;Choceń;295
296;296;Chodecz;296
297;297;Fabianki;297
298;298;Izbica Kujawska;298
299;299;Kowal;299
300;300;Lubanie;300
301;301;Lubień Kujawski;301
302;302;Lubraniec;302
303;303;Włocławek;303
304;304;Barcin;304
305;305;Gąsawa;305
306;306;Janowiec Wielkopolski;306
307;307;Łabiszyn;307
308;308;Rogowo;308
309;309;Żnin;309
310;310;Bydgoszcz;310
311;311;Grudziądz;311
312;312;Toruń;312
313;313;Włocławek;313
314;314;Międzyrzec Podlaski;314
315;315;Terespol;315
316;316;Biała Podlaska;316
317;317;Drelów;317
318;318;Janów Podlaski;318
319;319;Kodeń;319
320;320;Konstantynów;320
321;321;Leśna Podlaska;321
322;322;Łomazy;322
323;323;Międzyrzec Podlaski;323
324;324;Piszczac;324
325;325;Rokitno;325
326;326;Rossosz;326
327;327;Sławatycze;327
328;328;Sosnówka;328
329;329;Kobylany;329
330;330;Tuczna;330
331;331;Wisznice;331
332;332;Zalesie;332
333;333;Biłgoraj;333
334;334;Aleksandrów;334
335;335;Biłgoraj;335
336;336;Biszcza;336
337;337;Frampol;337
338;338;Goraj;338
339;339;Józefów;339
340;340;Księżpol;340
341;341;Łukowa;341
342;342;Obsza;342
343;343;Potok Górny;343
344;344;Tarnogród;344
345;345;Tereszpol;345
346;346;Turobin;346
347;347;Rejowiec Fabryczny;347
348;348;Białopole;348
349;349;Pokrówka;349
350;350;Dorohusk;350
351;351;Dubienka;351
352;352;Kamień;352
353;353;Leśniowice;353
354;354;Rejowiec Fabryczny;354
355;355;Ruda-Huta;355
356;356;Sawin;356
357;357;Siedliszcze;357
358;358;Wierzbica-Osiedle;358
359;359;Wojsławice;359
360;360;Żmudź;360
361;361;Rejowiec;361
362;362;Hrubieszów;362
363;363;Dołhobyczów;363
364;364;Horodło;364
365;365;Hrubieszów;365
366;366;Mircze;366
367;367;Trzeszczany;367
368;368;Uchanie;368
369;369;Werbkowice;369
370;370;Batorz;370
371;371;Chrzanów;371
372;372;Dzwola;372
373;373;Godziszów Trzeci;373
374;374;Janów Lubelski;374
375;375;Modliborzyce;375
376;376;Potok Wielki;376
377;377;Krasnystaw;377
378;378;Fajsławice;378
379;379;Gorzków;379
380;380;Izbica;380
381;381;Krasnystaw;381
382;382;Kraśniczyn;382
383;383;Łopiennik Górny;383
384;384;Rudnik;384
385;385;Siennica Różana;385
386;386;Żółkiewka - Osada;386
387;387;Kraśnik;387
388;388;Annopol;388
389;389;Dzierzkowice;389
390;390;Gościeradów Ukazowy;390
391;391;Kraśnik;391
392;392;Szastarka;392
393;393;Trzydnik Duży;393
394;394;Urzędów;394
395;395;Wilkołaz;395
396;396;Zakrzówek;396
397;397;Lubartów;397
398;398;Abramów;398
399;399;Firlej;399
400;400;Jeziorzany;400
401;401;Kamionka;401
402;402;Kock;402
403;403;Lubartów;403
404;404;Michów;404
405;405;Niedźwiada-Kolonia;405
406;406;Ostrów Lubelski;406
407;407;Ostrówek-Kolonia;407
408;408;Serniki;408
409;409;Uścimów;409
410;410;Bełżyce;410
411;411;Borzechów;411
412;412;Bychawa;412
413;413;Garbów;413
414;414;Dominów;414
415;415;Jabłonna;415
416;416;Panieńszczyzna;416
417;417;Konopnica;417
418;418;Krzczonów;418
419;419;Niedrzwica Duża;419
420;420;Niemce;420
421;421;Strzyżewice;421
422;422;Wojciechów;422
423;423;Jakubowice Murowane;423
424;424;Wysokie;424
425;425;Zakrzew;425
426;426;Cyców;426
427;427;Ludwin;427
428;428;Łęczna;428
429;429;Milejów;429
430;430;Puchaczów;430
431;431;Spiczyn;431
432;432;Łuków;432
433;433;Stoczek Łukowski;433
434;434;Adamów;434
435;435;Krzywda;435
436;436;Łuków;436
437;437;Serokomla;437
438;438;Stanin;438
439;439;Stoczek Łukowski;439
440;440;Trzebieszów Drugi;440
441;441;Wojcieszków;441
442;442;Wola Mysłowska;442
443;443;Chodel;443
444;444;Józefów nad Wisłą;444
445;445;Karczmiska;445
446;446;Łaziska;446
447;447;Opole Lubelskie;447
448;448;Poniatowa;448
449;449;Wilków;449
450;450;Dębowa Kłoda;450
451;451;Jabłoń;451
452;452;Milanów;452
453;453;Parczew;453
454;454;Podedwórze;454
455;455;Siemień;455
456;456;Sosnowica;456
457;457;Puławy;457
458;458;Baranów;458
459;459;Janowiec;459
460;460;Kazimierz Dolny;460
461;461;Końskowola;461
462;462;Kurów;462
463;463;Markuszów;463
464;464;Nałęczów;464
465;465;Puławy;465
466;466;Wąwolnica;466
467;467;Żyrzyn;467
468;468;Radzyń Podlaski;468
469;469;Borki;469
470;470;Czemierniki;470
471;471;Kąkolewnica;471
472;472;Komarówka Podlaska;472
473;473;Radzyń Podlaski;473
474;474;Ulan-Majorat;474
475;475;Wohyń;475
476;476;Dęblin;476
477;477;Kłoczew;477
478;478;Nowodwór;478
479;479;Ryki;479
480;480;Stężyca;480
481;481;Ułęż;481
482;482;Świdnik;482
483;483;Mełgiew;483
484;484;Piaski;484
485;485;Rybczewice Drugie;485
486;486;Trawniki;486
487;487;Tomaszów Lubelski;487
488;488;Bełżec;488
489;489;Jarczów;489
490;490;Krynice;490
491;491;Lubycza Królewska;491
492;492;Łaszczów;492
493;493;Rachanie;493
494;494;Susiec;494
495;495;Tarnawatka;495
496;496;Telatyn;496
497;497;Tomaszów Lubelski;497
498;498;Tyszowce;498
499;499;Ulhówek;499
500;500;Włodawa;500
501;501;Hanna;501
502;502;Hańsk;502
503;503;Stary Brus;503
504;504;Urszulin;504
505;505;Włodawa;505
506;506;Wola Uhruska;506
507;507;Wyryki;507
508;508;Adamów;508
509;509;Grabowiec;509
510;510;Komarów-Osada;510
511;511;Krasnobród;511
512;512;Łabunie;512
513;513;Miączyn;513
514;514;Nielisz;514
515;515;Radecznica;515
516;516;Sitno;516
517;517;Skierbieszów;517
518;518;Stary Zamość;518
519;519;Sułów;519
520;520;Szczebrzeszyn;520
521;521;Zamość;521
522;522;Zwierzyniec;522
523;523;Biała Podlaska;523
524;524;Chełm;524
525;525;Lublin;525
526;526;Zamość;526
527;527;Kostrzyn nad Odrą;527
528;528;Bogdaniec;528
529;529;Deszczno;529
530;530;Kłodawa;530
531;531;Lubiszyn;531
532;532;Santok;532
533;533;Witnica;533
534;534;Gubin;534
535;535;Bobrowice;535
536;536;Bytnica;536
537;537;Dąbie;537
538;538;Gubin;538
539;539;Krosno Odrzańskie;539
540;540;Maszewo;540
541;541;Bledzew;541
542;542;Międzyrzecz;542
543;543;Przytoczna;543
544;544;Pszczew;544
545;545;Skwierzyna;545
546;546;Trzciel;546
547;547;Nowa Sól;547
548;548;Bytom Odrzański;548
549;549;Kolsko;549
550;550;Kożuchów;550
551;551;Nowa Sól;551
552;552;Nowe Miasteczko;552
553;553;Otyń;553
554;554;Siedlisko;554
555;555;Cybinka;555
556;556;Górzyca;556
557;557;Ośno Lubuskie;557
558;558;Rzepin;558
559;559;Słubice;559
560;560;Dobiegniew;560
561;561;Drezdenko;561
562;562;Stare Kurowo;562
563;563;Strzelce Krajeńskie;563
564;564;Zwierzyn;564
565;565;Krzeszyce;565
566;566;Lubniewice;566
567;567;Słońsk;567
568;568;Sulęcin;568
569;569;Torzym;569
570;570;Lubrza;570
571;571;Łagów;571
572;572;Skąpe;572
573;573;Szczaniec;573
574;574;Świebodzin;574
575;575;Zbąszynek;575
576;576;Babimost;576
577;577;Bojadła;577
578;578;Czerwieńsk;578
579;579;Kargowa;579
580;580;Nowogród Bobrzański;580
581;581;Sulechów;581
582;582;Świdnica;582
583;583;Trzebiechów;583
584;584;Zabór;584
585;585;Gozdnica;585
586;586;Żagań;586
587;587;Brzeźnica;587
588;588;Iłowa;588
589;589;Małomice;589
590;590;Niegosławice;590
591;591;Szprotawa;591
592;592;Wymiarki;592
593;593;Żagań;593
594;594;Łęknica;594
595;595;Żary;595
596;596;Brody;596
597;597;Jasień;597
598;598;Lipinki Łużyckie;598
599;599;Lubsko;599
600;600;Przewóz;600
601;601;Trzebiel;601
602;602;Tuplice;602
603;603;Żary;603
604;604;Sława;604
605;605;Szlichtyngowa;605
606;606;Wschowa;606
607;607;Gorzów Wielkopolski;607
608;608;Zielona Góra;608
609;609;Bełchatów;609
610;610;Bełchatów;610
611;611;Drużbice;611
612;612;Kleszczów;612
613;613;Kluki;613
614;614;Rusiec;614
615;615;Szczerców;615
616;616;Zelów;616
617;617;Kutno;617
618;618;Bedlno;618
619;619;Dąbrowice;619
620;620;Krośniewice;620
621;621;Krzyżanów;621
622;622;Kutno;622
623;623;Łanięta;623
624;624;Nowe Ostrowy;624
625;625;Oporów;625
626;626;Strzelce;626
627;627;Żychlin;627
628;628;Buczek;628
629;629;Łask;629
630;630;Sędziejowice;630
631;631;Widawa;631
632;632;Wodzierady;632
633;633;Łęczyca;633
634;634;Daszyna;634
635;635;Góra Świętej Małgorzaty;635
636;636;Grabów;636
637;637;Łęczyca;637
638;638;Piątek;638
639;639;Świnice Warckie;639
640;640;Witonia;640
641;641;Łowicz;641
642;642;Bielawy;642
643;643;Chąśno;643
644;644;Domaniewice;644
645;645;Kiernozia;645
646;646;Kocierzew Południowy;646
647;647;Łowicz;647
648;648;Łyszkowice;648
649;649;Nieborów;649
650;650;Zduny;650
651;651;Andrespol;651
652;652;Brójce;652
653;653;Koluszki;653
654;654;Nowosolna;654
655;655;Rzgów;655
656;656;Tuszyn;656
657;657;Białaczów;657
658;658;Drzewica;658
659;659;Mniszków;659
660;660;Opoczno;660
661;661;Paradyż;661
662;662;Poświętne;662
663;663;Sławno;663
664;664;Żarnów;664
665;665;Konstantynów Łódzki;665
666;666;Pabianice;666
667;667;Dłutów;667
668;668;Dobroń;668
669;669;Ksawerów;669
670;670;Lutomiersk;670
671;671;Pabianice;671
672;672;Działoszyn;672
673;673;Kiełczygłów;673
674;674;Nowa Brzeźnica;674
675;675;Pajęczno;675
676;676;Rząśnia;676
677;677;Siemkowice;677
678;678;Strzelce Wielkie;678
679;679;Sulmierzyce;679
680;680;Aleksandrów;680
681;681;Czarnocin;681
682;682;Gorzkowice;682
683;683;Grabica;683
684;684;Łęki Szlacheckie;684
685;685;Moszczenica;685
686;686;Ręczno;686
687;687;Rozprza;687
688;688;Sulejów;688
689;689;Wola Krzysztoporska;689
690;690;Wolbórz;690
691;691;Dalików;691
692;692;Pęczniew;692
693;693;Poddębice;693
694;694;Uniejów;694
695;695;Stary Gostków;695
696;696;Zadzim;696
697;697;Radomsko;697
698;698;Dobryszyce;698
699;699;Gidle;699
700;700;Gomunice;700
701;701;Kamieńsk;701
702;702;Kobiele Wielkie;702
703;703;Kodrąb;703
704;704;Lgota Wielka;704
705;705;Ładzice;705
706;706;Masłowice;706
707;707;Przedbórz;707
708;708;Radomsko;708
709;709;Wielgomłyny;709
710;710;Żytno;710
711;711;Rawa Mazowiecka;711
712;712;Biała Rawska;712
713;713;Cielądz;713
714;714;Rawa Mazowiecka;714
715;715;Regnów;715
716;716;Sadkowice;716
717;717;Sieradz;717
718;718;Błaszki;718
719;719;Brąszewice;719
720;720;Brzeźnio;720
721;721;Burzenin;721
722;722;Goszczanów;722
723;723;Klonowa;723
724;724;Sieradz;724
725;725;Warta;725
726;726;Wróblew;726
727;727;Złoczew;727
728;728;Bolimów;728
729;729;Głuchów;729
730;730;Godzianów;730
731;731;Kowiesy;731
732;732;Lipce Reymontowskie;732
733;733;Maków;733
734;734;Nowy Kawęczyn;734
735;735;Skierniewice;735
736;736;Słupia;736
737;737;Tomaszów Mazowiecki;737
738;738;Będków;738
739;739;Budziszewice;739
740;740;Czerniewice;740
741;741;Inowłódz;741
742;742;Lubochnia;742
743;743;Rokiciny;743
744;744;Rzeczyca;744
745;745;Tomaszów Mazowiecki;745
746;746;Ujazd;746
747;747;Żelechlinek;747
748;748;Biała Druga;748
749;749;Czarnożyły;749
750;750;Konopnica;750
751;751;Mokrsko;751
752;752;Osjaków;752
753;753;Ostrówek;753
754;754;Pątnów;754
755;755;Skomlin;755
756;756;Wieluń;756
757;757;Wierzchlas;757
758;758;Bolesławiec;758
759;759;Czastary;759
760;760;Galewice;760
761;761;Lututów;761
762;762;Łubnice;762
763;763;Sokolniki;763
764;764;Wieruszów;764
765;765;Zduńska Wola;765
766;766;Szadek;766
767;767;Zapolice;767
768;768;Zduńska Wola;768
769;769;Głowno;769
770;770;Ozorków;770
771;771;Zgierz;771
772;772;Aleksandrów Łódzki;772
773;773;Głowno;773
774;774;Ozorków;774
775;775;Parzęczew;775
776;776;Stryków;776
777;777;Zgierz;777
778;778;Brzeziny;778
779;779;Brzeziny;779
780;780;Dmosin;780
781;781;Jeżów;781
782;782;Rogów;782
783;783;Łódź;783
784;784;Piotrków Trybunalski;784
785;785;Skierniewice;785
786;786;Bochnia;786
787;787;Bochnia;787
788;788;Drwinia;788
789;789;Lipnica Murowana;789
790;790;Łapanów;790
791;791;Nowy Wiśnicz;791
792;792;Rzezawa;792
793;793;Trzciana;793
794;794;Żegocina;794
795;795;Borzęcin;795
796;796;Brzesko;796
797;797;Czchów;797
798;798;Wola Dębińska;798
799;799;Gnojnik;799
800;800;Iwkowa;800
801;801;Szczurowa;801
802;802;Alwernia;802
803;803;Babice;803
804;804;Chrzanów;804
805;805;Libiąż;805
806;806;Trzebinia;806
807;807;Bolesław;807
808;808;Dąbrowa Tarnowska;808
809;809;Gręboszów;809
810;810;Mędrzechów;810
811;811;Olesno;811
812;812;Radgoszcz;812
813;813;Szczucin;813
814;814;Gorlice;814
815;815;Biecz;815
816;816;Bobowa;816
817;817;Gorlice;817
818;818;Lipinki;818
819;819;Łużna;819
820;820;Moszczenica;820
821;821;Ropa;821
822;822;Sękowa;822
823;823;Uście Gorlickie;823
824;824;Czernichów;824
825;825;Wawrzeńczyce;825
826;826;Iwanowice Włościańskie;826
827;827;Jerzmanowice;827
828;828;Luborzyca;828
829;829;Krzeszowice;829
830;830;Liszki;830
831;831;Michałowice;831
832;832;Mogilany;832
833;833;Skała;833
834;834;Skawina;834
835;835;Słomniki;835
836;836;Sułoszowa;836
837;837;Świątniki Górne;837
838;838;Szyce;838
839;839;Zabierzów;839
840;840;Zielonki;840
841;841;Limanowa;841
842;842;Mszana Dolna;842
843;843;Dobra;843
844;844;Jodłownik;844
845;845;Kamienica;845
846;846;Laskowa;846
847;847;Limanowa;847
848;848;Łukowica;848
849;849;Mszana Dolna;849
850;850;Niedźwiedź;850
851;851;Słopnice;851
852;852;Tymbark;852
853;853;Miechów-Charsznica;853
854;854;Gołcza;854
855;855;Kozłów;855
856;856;Książ Wielki;856
857;857;Miechów;857
858;858;Racławice;858
859;859;Słaboszów;859
860;860;Dobczyce;860
861;861;Lubień;861
862;862;Myślenice;862
863;863;Pcim;863
864;864;Raciechowice;864
865;865;Siepraw;865
866;866;Sułkowice;866
867;867;Tokarnia;867
868;868;Wiśniowa;868
869;869;Grybów;869
870;870;Chełmiec;870
871;871;Gródek nad Dunajcem;871
872;872;Grybów;872
873;873;Kamionka Wielka;873
874;874;Korzenna;874
875;875;Krynica-Zdrój;875
876;876;Łabowa;876
877;877;Łącko;877
878;878;Łososina Dolna;878
879;879;Muszyna;879
880;880;Nawojowa;880
881;881;Piwniczna Zdrój;881
882;882;Podegrodzie;882
883;883;Rytro;883
884;884;Stary Sącz;884
885;885;Nowy Targ;885
886;886;Szczawnica;886
887;887;Czarny Dunajec;887
888;888;Maniowy;888
889;889;Jabłonka;889
890;890;Krościenko nad Dunajcem;890
891;891;Lipnica Wielka;891
892;892;Łapsze Niżne;892
893;893;Nowy Targ;893
894;894;Ochotnica Dolna;894
895;895;Raba Wyżna;895
896;896;Rabka-Zdrój;896
897;897;Spytkowice;897
898;898;Szaflary;898
899;899;Bukowno;899
900;900;Bolesław;900
901;901;KLUCZE;901
902;902;Olkusz;902
903;903;Trzyciąż;903
904;904;Wolbrom;904
905;905;Oświęcim;905
906;906;Brzeszcze;906
907;907;Chełmek;907
908;908;Kęty;908
909;909;Osiek;909
910;910;Oświęcim;910
911;911;Polanka Wielka;911
912;912;Przeciszów;912
913;913;Zator;913
914;914;Koniusza;914
915;915;Koszyce;915
916;916;Nowe Brzesko;916
917;917;Pałecznica;917
918;918;Proszowice;918
919;919;Radziemice;919
920;920;Jordanów;920
921;921;Sucha Beskidzka;921
922;922;Budzów;922
923;923;Bystra Podhalańska;923
924;924;Jordanów;924
925;925;Maków Podhalański;925
926;926;Stryszawa;926
927;927;Zawoja;927
928;928;Zembrzyce;928
929;929;Ciężkowice;929
930;930;Gromnik;930
931;931;Lisia Góra;931
932;932;Pleśna;932
933;933;Radłów;933
934;934;Ryglice;934
935;935;Rzepiennik Strzyżewski;935
936;936;Skrzyszów;936
937;937;Tarnów;937
938;938;Tuchów;938
939;939;Wierzchosławice;939
940;940;Wietrzychowice;940
941;941;Wojnicz;941
942;942;Zakliczyn;942
943;943;Szerzyny;943
944;944;Zakopane;944
945;945;Biały Dunajec;945
946;946;Bukowina Tatrzańska;946
947;947;Kościelisko;947
948;948;Poronin;948
949;949;Andrychów;949
950;950;Brzeźnica;950
951;951;Kalwaria Zebrzydowska;951
952;952;Lanckorona;952
953;953;Mucharz;953
954;954;Spytkowice;954
955;955;Stryszów;955
956;956;Tomice;956
957;957;Wadowice;957
958;958;Wieprz;958
959;959;Tomaszkowice;959
960;960;Gdów;960
961;961;Kłaj;961
962;962;Niepołomice;962
963;963;Wieliczka;963
964;964;Kraków;964
965;965;Nowy Sącz;965
966;966;Tarnów;966
967;967;Białobrzegi;967
968;968;Promna;968
969;969;Radzanów;969
970;970;Stara Błotnica;970
971;971;Stromiec;971
972;972;Wyśmierzyce;972
973;973;Ciechanów;973
974;974;Ciechanów;974
975;975;Glinojeck;975
976;976;Gołymin-Ośrodek;976
977;977;Grudusk;977
978;978;Ojrzeń;978
979;979;Opinogóra Górna;979
980;980;Regimin;980
981;981;Sońsk;981
982;982;Garwolin;982
983;983;Łaskarzew;983
984;984;Borowie;984
985;985;Garwolin;985
986;986;Górzno;986
987;987;Łaskarzew;987
988;988;Maciejowice;988
989;989;Miastków Kościelny;989
990;990;Parysów;990
991;991;Pilawa;991
992;992;Sobolew;992
993;993;Trojanów;993
994;994;Wilga;994
995;995;Żelechów;995
996;996;Gostynin;996
997;997;Gostynin;997
998;998;Pacyna;998
999;999;Sanniki;999
1000;1000;Szczawin Kościelny;1000
1001;1001;Milanówek;1001
1002;1002;Podkowa Leśna;1002
1003;1003;Baranów;1003
1004;1004;Grodzisk Mazowiecki;1004
1005;1005;Jaktorów;1005
1006;1006;Żabia Wola;1006
1007;1007;Belsk Duży;1007
1008;1008;Błędów;1008
1009;1009;Chynów;1009
1010;1010;Goszczyn;1010
1011;1011;Grójec;1011
1012;1012;Jasieniec;1012
1013;1013;Mogielnica;1013
1014;1014;Nowe Miasto nad Pilicą;1014
1015;1015;Pniewy;1015
1016;1016;Warka;1016
1017;1017;Garbatka-Letnisko;1017
1018;1018;Głowaczów;1018
1019;1019;Gniewoszów;1019
1020;1020;Grabów Nad Pilicą;1020
1021;1021;Kozienice;1021
1022;1022;Magnuszew;1022
1023;1023;Sieciechów;1023
1024;1024;Legionowo;1024
1025;1025;Jabłonna;1025
1026;1026;Nieporęt;1026
1027;1027;Serock;1027
1028;1028;Wieliszew;1028
1029;1029;Chotcza-Józefów;1029
1030;1030;Ciepielów;1030
1031;1031;Lipsko;1031
1032;1032;Rzeczniów;1032
1033;1033;Sienno;1033
1034;1034;Solec nad Wisłą;1034
1035;1035;Huszlew;1035
1036;1036;Łosice;1036
1037;1037;Olszanka;1037
1038;1038;Platerów;1038
1039;1039;Sarnaki;1039
1040;1040;Stara Kornica;1040
1041;1041;Maków Mazowiecki;1041
1042;1042;Czerwonka;1042
1043;1043;Karniewo;1043
1044;1044;Krasnosielc;1044
1045;1045;Młynarze;1045
1046;1046;Płoniawy-Bramura;1046
1047;1047;Różan;1047
1048;1048;Rzewnie;1048
1049;1049;Sypniewo;1049
1050;1050;Stary Szelków;1050
1051;1051;Mińsk Mazowiecki;1051
1052;1052;Cegłów;1052
1053;1053;Dębe Wielkie;1053
1054;1054;Dobre;1054
1055;1055;Halinów;1055
1056;1056;Jakubów;1056
1057;1057;Kałuszyn;1057
1058;1058;Latowicz;1058
1059;1059;Mińsk Mazowiecki;1059
1060;1060;Mrozy;1060
1061;1061;Siennica;1061
1062;1062;Stanisławów;1062
1063;1063;Sulejówek;1063
1064;1064;Mława;1064
1065;1065;Dzierzgowo;1065
1066;1066;Lipowiec Kościelny;1066
1067;1067;Radzanów;1067
1068;1068;Strzegowo;1068
1069;1069;Stupsk;1069
1070;1070;Szreńsk;1070
1071;1071;Szydłowo;1071
1072;1072;Wieczfnia Kościelna;1072
1073;1073;Wiśniewo;1073
1074;1074;Nowy Dwór Mazowiecki;1074
1075;1075;Czosnów;1075
1076;1076;Leoncin;1076
1077;1077;Nasielsk;1077
1078;1078;Pomiechówek;1078
1079;1079;Zakroczym;1079
1080;1080;Baranowo;1080
1081;1081;Czarnia;1081
1082;1082;Czerwin;1082
1083;1083;Goworowo;1083
1084;1084;Kadzidło;1084
1085;1085;Lelis;1085
1086;1086;Łyse;1086
1087;1087;Myszyniec;1087
1088;1088;Olszewo-Borki;1088
1089;1089;Rzekuń;1089
1090;1090;Troszyn;1090
1091;1091;Ostrów Mazowiecka;1091
1092;1092;Andrzejewo;1092
1093;1093;Boguty-Pianki;1093
1094;1094;Brok;1094
1095;1095;Małkinia Górna;1095
1096;1096;Nur;1096
1097;1097;Ostrów Mazowiecka;1097
1098;1098;Stary Lubotyń;1098
1099;1099;Szulborze Wielkie;1099
1100;1100;Wąsewo;1100
1101;1101;Zaręby Kościelne;1101
1102;1102;Józefów;1102
1103;1103;Otwock;1103
1104;1104;Celestynów;1104
1105;1105;Karczew;1105
1106;1106;Kołbiel;1106
1107;1107;Osieck;1107
1108;1108;Sobienie-Jeziory;1108
1109;1109;Wiązowna;1109
1110;1110;Góra Kalwaria;1110
1111;1111;Konstancin-Jeziorna;1111
1112;1112;Lesznowola;1112
1113;1113;Piaseczno;1113
1114;1114;Prażmów;1114
1115;1115;Tarczyn;1115
1116;1116;Bielsk;1116
1117;1117;Bodzanów;1117
1118;1118;Brudzeń Duży;1118
1119;1119;Bulkowo;1119
1120;1120;Drobin;1120
1121;1121;Gąbin;1121
1122;1122;Łąck;1122
1123;1123;Mała Wieś;1123
1124;1124;Nowy Duninów;1124
1125;1125;Radzanowo;1125
1126;1126;Słubice;1126
1127;1127;Słupno;1127
1128;1128;Stara Biała;1128
1129;1129;Staroźreby;1129
1130;1130;Wyszogród;1130
1131;1131;Płońsk;1131
1132;1132;Raciąż;1132
1133;1133;Baboszewo;1133
1134;1134;Czerwińsk nad Wisłą;1134
1135;1135;Dzierzążnia;1135
1136;1136;Joniec;1136
1137;1137;Naruszewo;1137
1138;1138;Nowe Miasto;1138
1139;1139;Płońsk;1139
1140;1140;Raciąż;1140
1141;1141;Sochocin;1141
1142;1142;Załuski;1142
1143;1143;Piastów;1143
1144;1144;Pruszków;1144
1145;1145;Brwinów;1145
1146;1146;Reguły;1146
1147;1147;Nadarzyn;1147
1148;1148;Raszyn;1148
1149;1149;Przasnysz;1149
1150;1150;Chorzele;1150
1151;1151;Czernice Borowe;1151
1152;1152;Jednorożec;1152
1153;1153;Krasne;1153
1154;1154;Krzynowłoga Mała;1154
1155;1155;Przasnysz;1155
1156;1156;Borkowice;1156
1157;1157;Gielniów;1157
1158;1158;Klwów;1158
1159;1159;Odrzywół;1159
1160;1160;Potworów;1160
1161;1161;Przysucha;1161
1162;1162;Rusinów;1162
1163;1163;Wieniawa;1163
1164;1164;Gzy;1164
1165;1165;Obryte;1165
1166;1166;Pokrzywnica;1166
1167;1167;Pułtusk;1167
1168;1168;Świercze;1168
1169;1169;Winnica;1169
1170;1170;Zatory;1170
1171;1171;Pionki;1171
1172;1172;Gózd;1172
1173;1173;Iłża;1173
1174;1174;Jastrzębia;1174
1175;1175;Jedlińsk;1175
1176;1176;Jedlnia-Letnisko;1176
1177;1177;Kowala-Stępocina;1177
1178;1178;Pionki;1178
1179;1179;Przytyk;1179
1180;1180;Skaryszew;1180
1181;1181;Wierzbica;1181
1182;1182;Wolanów;1182
1183;1183;Zakrzew;1183
1184;1184;Domanice;1184
1185;1185;Korczew;1185
1186;1186;Kotuń;1186
1187;1187;Mokobody;1187
1188;1188;Mordy;1188
1189;1189;Paprotnia;1189
1190;1190;Przesmyki;1190
1191;1191;Siedlce;1191
1192;1192;Skórzec;1192
1193;1193;Suchożebry;1193
1194;1194;Wiśniew;1194
1195;1195;Wodynie;1195
1196;1196;Zbuczyn;1196
1197;1197;Sierpc;1197
1198;1198;Gozdowo;1198
1199;1199;Mochowo;1199
1200;1200;Rościszewo;1200
1201;1201;Sierpc;1201
1202;1202;Szczutowo;1202
1203;1203;Zawidz Kościelny;1203
1204;1204;Sochaczew;1204
1205;1205;Brochów;1205
1206;1206;Iłów;1206
1207;1207;Młodzieszyn;1207
1208;1208;Nowa Sucha;1208
1209;1209;Rybno;1209
1210;1210;Sochaczew;1210
1211;1211;Teresin;1211
1212;1212;Sokołów Podlaski;1212
1213;1213;Bielany;1213
1214;1214;Ceranów;1214
1215;1215;Jabłonna Lacka;1215
1216;1216;Kosów Lacki;1216
1217;1217;Repki;1217
1218;1218;Sabnie;1218
1219;1219;Sokołów Podlaski;1219
1220;1220;Sterdyń;1220
1221;1221;Chlewiska;1221
1222;1222;Jastrząb;1222
1223;1223;Mirów Stary;1223
1224;1224;Orońsko;1224
1225;1225;Szydłowiec;1225
1226;1226;Błonie;1226
1227;1227;Izabelin;1227
1228;1228;Kampinos;1228
1229;1229;Leszno;1229
1230;1230;Łomianki;1230
1231;1231;Ożarów Mazowiecki;1231
1232;1232;Stare Babice;1232
1233;1233;Węgrów;1233
1234;1234;Grębków;1234
1235;1235;Korytnica;1235
1236;1236;Liw;1236
1237;1237;Łochów;1237
1238;1238;Miedzna;1238
1239;1239;Sadowne;1239
1240;1240;Stoczek;1240
1241;1241;Wierzbno;1241
1242;1242;Kobyłka;1242
1243;1243;Marki;1243
1244;1244;Ząbki;1244
1245;1245;Zielonka;1245
1246;1246;Dąbrówka;1246
1247;1247;Jadów;1247
1248;1248;Klembów;1248
1249;1249;Poświętne;1249
1250;1250;Radzymin;1250
1251;1251;Strachówka;1251
1252;1252;Tłuszcz;1252
1253;1253;Wołomin;1253
1254;1254;Brańszczyk;1254
1255;1255;Długosiodło;1255
1256;1256;Rząśnik;1256
1257;1257;Somianka;1257
1258;1258;Wyszków;1258
1259;1259;Zabrodzie;1259
1260;1260;Kazanów;1260
1261;1261;Policzna;1261
1262;1262;Przyłęk;1262
1263;1263;Tczów;1263
1264;1264;Zwoleń;1264
1265;1265;Bieżuń;1265
1266;1266;Kuczbork-Osada;1266
1267;1267;Lubowidz;1267
1268;1268;Lutocin;1268
1269;1269;Siemiątkowo;1269
1270;1270;Żuromin;1270
1271;1271;Żyrardów;1271
1272;1272;Mszczonów;1272
1273;1273;Puszcza Mariańska;1273
1274;1274;Radziejowice;1274
1275;1275;Wiskitki;1275
1276;1276;Ostrołęka;1276
1277;1277;Płock;1277
1278;1278;Radom;1278
1279;1279;Siedlce;1279
1280;1280;Warszawa;1280
1281;1281;Brzeg;1281
1282;1282;Skarbimierz;1282
1283;1283;Grodków;1283
1284;1284;Lewin Brzeski;1284
1285;1285;Lubsza;1285
1286;1286;Olszanka;1286
1287;1287;Baborów;1287
1288;1288;Branice;1288
1289;1289;Głubczyce;1289
1290;1290;Kietrz;1290
1291;1291;Kędzierzyn-Koźle;1291
1292;1292;Bierawa;1292
1293;1293;Cisek;1293
1294;1294;Pawłowiczki;1294
1295;1295;Polska Cerekiew;1295
1296;1296;Reńska Wieś;1296
1297;1297;Byczyna;1297
1298;1298;Kluczbork;1298
1299;1299;Lasowice Wielkie;1299
1300;1300;Wołczyn;1300
1301;1301;Gogolin;1301
1302;1302;Krapkowice;1302
1303;1303;Strzeleczki;1303
1304;1304;Walce;1304
1305;1305;Zdzieszowice;1305
1306;1306;Domaszowice;1306
1307;1307;Namysłów;1307
1308;1308;Pokój;1308
1309;1309;Świerczów;1309
1310;1310;Wilków;1310
1311;1311;Głuchołazy;1311
1312;1312;Kamiennik;1312
1313;1313;Korfantów;1313
1314;1314;Łambinowice;1314
1315;1315;Nysa;1315
1316;1316;Otmuchów;1316
1317;1317;Paczków;1317
1318;1318;Pakosławice;1318
1319;1319;Skoroszyce;1319
1320;1320;Dobrodzień;1320
1321;1321;Gorzów Śląski;1321
1322;1322;Olesno;1322
1323;1323;Praszka;1323
1324;1324;Radłów;1324
1325;1325;Rudniki;1325
1326;1326;Zębowice;1326
1327;1327;Chrząstowice;1327
1328;1328;Dąbrowa;1328
1329;1329;Dobrzeń Wielki;1329
1330;1330;Komprachcice;1330
1331;1331;Łubniany;1331
1332;1332;Murów;1332
1333;1333;Niemodlin;1333
1334;1334;Ozimek;1334
1335;1335;Popielów;1335
1336;1336;Prószków;1336
1337;1337;Tarnów Opolski;1337
1338;1338;Tułowice;1338
1339;1339;Turawa;1339
1340;1340;Biała;1340
1341;1341;Głogówek;1341
1342;1342;Lubrza;1342
1343;1343;Prudnik;1343
1344;1344;Izbicko;1344
1345;1345;Jemielnica;1345
1346;1346;Kolonowskie;1346
1347;1347;Leśnica;1347
1348;1348;Strzelce Opolskie;1348
1349;1349;Ujazd;1349
1350;1350;Zawadzkie;1350
1351;1351;Opole;1351
1352;1352;Czarna Górna;1352
1353;1353;Lutowiska;1353
1354;1354;Ustrzyki Dolne;1354
1355;1355;Brzozów;1355
1356;1356;Domaradz;1356
1357;1357;Dydnia;1357
1358;1358;Haczów;1358
1359;1359;Jasienica Rosielna;1359
1360;1360;Nozdrzec;1360
1361;1361;Dębica;1361
1362;1362;Brzostek;1362
1363;1363;Czarna;1363
1364;1364;Dębica;1364
1365;1365;Jodłowa;1365
1366;1366;Pilzno;1366
1367;1367;Żyraków;1367
1368;1368;Jarosław;1368
1369;1369;Radymno;1369
1370;1370;Chłopice;1370
1371;1371;Jarosław;1371
1372;1372;Laszki;1372
1373;1373;Pawłosiów;1373
1374;1374;Pruchnik;1374
1375;1375;Radymno;1375
1376;1376;Rokietnica;1376
1377;1377;Roźwienica;1377
1378;1378;Wiązownica;1378
1379;1379;Jasło;1379
1380;1380;Brzyska;1380
1381;1381;Dębowiec;1381
1382;1382;Jasło;1382
1383;1383;Kołaczyce;1383
1384;1384;Krempna;1384
1385;1385;Nowy Żmigród;1385
1386;1386;Osiek Jasielski;1386
1387;1387;Skołyszyn;1387
1388;1388;Tarnowiec;1388
1389;1389;Cmolas;1389
1390;1390;Kolbuszowa;1390
1391;1391;Majdan Królewski;1391
1392;1392;Niwiska;1392
1393;1393;Raniżów;1393
1394;1394;Dzikowiec;1394
1395;1395;Chorkówka;1395
1396;1396;Dukla;1396
1397;1397;Iwonicz-Zdrój;1397
1398;1398;Jedlicze;1398
1399;1399;Korczyna;1399
1400;1400;Krościenko Wyżne;1400
1401;1401;Miejsce Piastowe;1401
1402;1402;Rymanów;1402
1403;1403;Wojaszówka;1403
1404;1404;Jaśliska;1404
1405;1405;Leżajsk;1405
1406;1406;Grodzisko Dolne;1406
1407;1407;Kuryłówka;1407
1408;1408;Leżajsk;1408
1409;1409;Nowa Sarzyna;1409
1410;1410;Lubaczów;1410
1411;1411;Cieszanów;1411
1412;1412;Horyniec-Zdrój;1412
1413;1413;Lubaczów;1413
1414;1414;Narol;1414
1415;1415;Oleszyce;1415
1416;1416;Stary Dzików;1416
1417;1417;Wielkie Oczy;1417
1418;1418;Łańcut;1418
1419;1419;Białobrzegi;1419
1420;1420;Czarna;1420
1421;1421;Łańcut;1421
1422;1422;Markowa;1422
1423;1423;Rakszawa;1423
1424;1424;Żołynia;1424
1425;1425;Mielec;1425
1426;1426;Borowa;1426
1427;1427;Czermin;1427
1428;1428;Gawłuszowice;1428
1429;1429;Mielec;1429
1430;1430;Padew Narodowa;1430
1431;1431;Przecław;1431
1432;1432;Radomyśl Wielki;1432
1433;1433;Tuszów Narodowy;1433
1434;1434;Wadowice Górne;1434
1435;1435;Harasiuki;1435
1436;1436;Jarocin;1436
1437;1437;Jeżowe;1437
1438;1438;Krzeszów;1438
1439;1439;Nisko;1439
1440;1440;Rudnik nad Sanem;1440
1441;1441;Ulanów;1441
1442;1442;Bircza;1442
1443;1443;Dubiecko;1443
1444;1444;Fredropol;1444
1445;1445;Krasiczyn;1445
1446;1446;Krzywcza;1446
1447;1447;Medyka;1447
1448;1448;Orły;1448
1449;1449;Przemyśl;1449
1450;1450;Stubno;1450
1451;1451;Żurawica;1451
1452;1452;Przeworsk;1452
1453;1453;Adamówka;1453
1454;1454;Gać;1454
1455;1455;Jawornik Polski;1455
1456;1456;Kańczuga;1456
1457;1457;Przeworsk;1457
1458;1458;Sieniawa;1458
1459;1459;Tryńcza;1459
1460;1460;Zarzecze;1460
1461;1461;Iwierzyce;1461
1462;1462;Ostrów;1462
1463;1463;Ropczyce;1463
1464;1464;Sędziszów Małopolski;1464
1465;1465;Wielopole Skrzyńskie;1465
1466;1466;Dynów;1466
1467;1467;Błażowa;1467
1468;1468;Boguchwała;1468
1469;1469;Chmielnik;1469
1470;1470;Dynów;1470
1471;1471;Głogów Małopolski;1471
1472;1472;Hyżne;1472
1473;1473;Kamień;1473
1474;1474;Krasne;1474
1475;1475;Lubenia;1475
1476;1476;Sokołów Małopolski;1476
1477;1477;Świlcza;1477
1478;1478;Trzebownisko;1478
1479;1479;Tyczyn;1479
1480;1480;Sanok;1480
1481;1481;Besko;1481
1482;1482;Bukowsko;1482
1483;1483;Komańcza;1483
1484;1484;Sanok;1484
1485;1485;Tyrawa Wołoska;1485
1486;1486;Zagórz;1486
1487;1487;Zarszyn;1487
1488;1488;Stalowa Wola;1488
1489;1489;Bojanów;1489
1490;1490;Pysznica;1490
1491;1491;Radomyśl nad Sanem;1491
1492;1492;Zaklików;1492
1493;1493;Zaleszany;1493
1494;1494;Czudec;1494
1495;1495;Frysztak;1495
1496;1496;Niebylec;1496
1497;1497;Strzyżów;1497
1498;1498;Wiśniowa;1498
1499;1499;Baranów Sandomierski;1499
1500;1500;Gorzyce;1500
1501;1501;Grębów;1501
1502;1502;Nowa Dęba;1502
1503;1503;Baligród;1503
1504;1504;Cisna;1504
1505;1505;Lesko;1505
1506;1506;Olszanica;1506
1507;1507;Polańczyk;1507
1508;1508;Krosno;1508
1509;1509;Przemyśl;1509
1510;1510;Rzeszów;1510
1511;1511;Tarnobrzeg;1511
1512;1512;Augustów;1512
1513;1513;Augustów;1513
1514;1514;Bargłów Kościelny;1514
1515;1515;Lipsk;1515
1516;1516;Nowinka;1516
1517;1517;Płaska;1517
1518;1518;Sztabin;1518
1519;1519;Choroszcz;1519
1520;1520;Czarna Białostocka;1520
1521;1521;Dobrzyniewo Duże;1521
1522;1522;Gródek;1522
1523;1523;Juchnowiec Kościelny;1523
1524;1524;Łapy;1524
1525;1525;Michałowo;1525
1526;1526;Poświętne;1526
1527;1527;Supraśl;1527
1528;1528;Suraż;1528
1529;1529;Turośń Kościelna;1529
1530;1530;Tykocin;1530
1531;1531;Wasilków;1531
1532;1532;Zabłudów;1532
1533;1533;Zawady;1533
1534;1534;Bielsk Podlaski;1534
1535;1535;Brańsk;1535
1536;1536;Bielsk Podlaski;1536
1537;1537;Boćki;1537
1538;1538;Brańsk;1538
1539;1539;Orla;1539
1540;1540;Rudka;1540
1541;1541;Wyszki;1541
1542;1542;Grajewo;1542
1543;1543;Grajewo;1543
1544;1544;Radziłów;1544
1545;1545;Rajgród;1545
1546;1546;Szczuczyn;1546
1547;1547;Wąsosz;1547
1548;1548;Hajnówka;1548
1549;1549;Białowieża;1549
1550;1550;Czeremcha;1550
1551;1551;Czyże;1551
1552;1552;Dubicze Cerkiewne;1552
1553;1553;Hajnówka;1553
1554;1554;Kleszczele;1554
1555;1555;Narew;1555
1556;1556;Narewka;1556
1557;1557;Kolno;1557
1558;1558;Grabowo;1558
1559;1559;Kolno;1559
1560;1560;Mały Płock;1560
1561;1561;Stawiski;1561
1562;1562;Turośl;1562
1563;1563;Jedwabne;1563
1564;1564;Łomża;1564
1565;1565;Miastkowo;1565
1566;1566;Nowogród;1566
1567;1567;Piątnica;1567
1568;1568;Przytuły;1568
1569;1569;Śniadowo;1569
1570;1570;Wizna;1570
1571;1571;Zbójna;1571
1572;1572;Goniądz;1572
1573;1573;Jasionówka;1573
1574;1574;Jaświły;1574
1575;1575;Knyszyn;1575
1576;1576;Krypno;1576
1577;1577;Mońki;1577
1578;1578;Trzcianne;1578
1579;1579;Sejny;1579
1580;1580;Giby;1580
1581;1581;Krasnopol;1581
1582;1582;Puńsk;1582
1583;1583;Sejny;1583
1584;1584;Siemiatycze;1584
1585;1585;Drohiczyn;1585
1586;1586;Dziadkowice;1586
1587;1587;Grodzisk;1587
1588;1588;Mielnik;1588
1589;1589;Milejczyce;1589
1590;1590;Nurzec-Stacja;1590
1591;1591;Perlejewo;1591
1592;1592;Siemiatycze;1592
1593;1593;Dąbrowa Białostocka;1593
1594;1594;Janów;1594
1595;1595;Korycin;1595
1596;1596;Krynki;1596
1597;1597;Kuźnica;1597
1598;1598;Nowy Dwór;1598
1599;1599;Sidra;1599
1600;1600;Sokółka;1600
1601;1601;Suchowola;1601
1602;1602;Szudziałowo;1602
1603;1603;Bakałarzewo;1603
1604;1604;Filipów;1604
1605;1605;Jeleniewo;1605
1606;1606;Przerośl;1606
1607;1607;Raczki;1607
1608;1608;Rutka-Tartak;1608
1609;1609;Suwałki;1609
1610;1610;Szypliszki;1610
1611;1611;Wiżajny;1611
1612;1612;Wysokie Mazowieckie;1612
1613;1613;Ciechanowiec;1613
1614;1614;Czyżew;1614
1615;1615;Klukowo;1615
1616;1616;Kobylin-Borzymy;1616
1617;1617;Kulesze Kościelne;1617
1618;1618;Nowe Piekuty;1618
1619;1619;Sokoły;1619
1620;1620;Szepietowo;1620
1621;1621;Wysokie Mazowieckie;1621
1622;1622;Zambrów;1622
1623;1623;Kołaki Kościelne;1623
1624;1624;Rutki;1624
1625;1625;Szumowo;1625
1626;1626;Zambrów;1626
1627;1627;Białystok;1627
1628;1628;Łomża;1628
1629;1629;Suwałki;1629
1630;1630;Borzytuchom;1630
1631;1631;Bytów;1631
1632;1632;Czarna Dąbrówka;1632
1633;1633;Kołczygłowy;1633
1634;1634;Lipnica;1634
1635;1635;Miastko;1635
1636;1636;Parchowo;1636
1637;1637;Studzienice;1637
1638;1638;Trzebielino;1638
1639;1639;Tuchomie;1639
1640;1640;Chojnice;1640
1641;1641;Brusy;1641
1642;1642;Chojnice;1642
1643;1643;Czersk;1643
1644;1644;Konarzyny;1644
1645;1645;Człuchów;1645
1646;1646;Czarne;1646
1647;1647;Człuchów;1647
1648;1648;Debrzno;1648
1649;1649;Koczała;1649
1650;1650;Przechlewo;1650
1651;1651;Rzeczenica;1651
1652;1652;Pruszcz Gdański;1652
1653;1653;Cedry Wielkie;1653
1654;1654;Kolbudy;1654
1655;1655;Juszkowo;1655
1656;1656;Przywidz;1656
1657;1657;Pszczółki;1657
1658;1658;Suchy Dąb;1658
1659;1659;Trąbki Wielkie;1659
1660;1660;Chmielno;1660
1661;1661;Kartuzy;1661
1662;1662;Przodkowo;1662
1663;1663;Sierakowice;1663
1664;1664;Somonino;1664
1665;1665;Stężyca;1665
1666;1666;Sulęczyno;1666
1667;1667;Żukowo;1667
1668;1668;Kościerzyna;1668
1669;1669;Dziemiany;1669
1670;1670;Karsin;1670
1671;1671;Kościerzyna;1671
1672;1672;Liniewo;1672
1673;1673;Lipusz;1673
1674;1674;Nowa Karczma;1674
1675;1675;Stara Kiszewa;1675
1676;1676;Kwidzyn;1676
1677;1677;Gardeja;1677
1678;1678;Kwidzyn;1678
1679;1679;Prabuty;1679
1680;1680;Ryjewo;1680
1681;1681;Sadlinki;1681
1682;1682;Lębork;1682
1683;1683;Łeba;1683
1684;1684;Cewice;1684
1685;1685;Nowa Wieś Lęborska;1685
1686;1686;Wicko;1686
1687;1687;Malbork;1687
1688;1688;Lichnowy;1688
1689;1689;Malbork;1689
1690;1690;Miłoradz;1690
1691;1691;Nowy Staw;1691
1692;1692;Stare Pole;1692
1693;1693;Krynica Morska;1693
1694;1694;Nowy Dwór Gdański;1694
1695;1695;Ostaszewo;1695
1696;1696;Stegna;1696
1697;1697;Sztutowo;1697
1698;1698;Hel;1698
1699;1699;Jastarnia;1699
1700;1700;Puck;1700
1701;1701;Władysławowo;1701
1702;1702;Kosakowo;1702
1703;1703;Krokowa;1703
1704;1704;Puck;1704
1705;1705;Ustka;1705
1706;1706;Damnica;1706
1707;1707;Dębnica Kaszubska;1707
1708;1708;Główczyce;1708
1709;1709;Kępice;1709
1710;1710;Kobylnica;1710
1711;1711;Potęgowo;1711
1712;1712;Słupsk;1712
1713;1713;Smołdzino;1713
1714;1714;Ustka;1714
1715;1715;Czarna Woda;1715
1716;1716;Skórcz;1716
1717;1717;Starogard Gdański;1717
1718;1718;Bobowo;1718
1719;1719;Kaliska;1719
1720;1720;Lubichowo;1720
1721;1721;Osieczna;1721
1722;1722;Osiek;1722
1723;1723;Skarszewy;1723
1724;1724;Skórcz;1724
1725;1725;Smętowo Graniczne;1725
1726;1726;Starogard Gdański;1726
1727;1727;Zblewo;1727
1728;1728;Tczew;1728
1729;1729;Gniew;1729
1730;1730;Morzeszczyn;1730
1731;1731;Pelplin;1731
1732;1732;Subkowy;1732
1733;1733;Tczew;1733
1734;1734;Reda;1734
1735;1735;Rumia;1735
1736;1736;Wejherowo;1736
1737;1737;Choczewo;1737
1738;1738;Gniewino;1738
1739;1739;Linia;1739
1740;1740;Luzino;1740
1741;1741;Łęczyce;1741
1742;1742;Szemud;1742
1743;1743;Wejherowo;1743
1744;1744;Dzierzgoń;1744
1745;1745;Mikołajki Pomorskie;1745
1746;1746;Stary Dzierzgoń;1746
1747;1747;Stary Targ;1747
1748;1748;Sztum;1748
1749;1749;Gdańsk;1749
1750;1750;Gdynia;1750
1751;1751;Słupsk;1751
1752;1752;Sopot;1752
1753;1753;Będzin;1753
1754;1754;Czeladź;1754
1755;1755;Wojkowice;1755
1756;1756;Bobrowniki;1756
1757;1757;Mierzęcice;1757
1758;1758;Psary;1758
1759;1759;Siewierz;1759
1760;1760;Sławków;1760
1761;1761;Szczyrk;1761
1762;1762;Bestwina;1762
1763;1763;Buczkowice;1763
1764;1764;Czechowice-Dziedzice;1764
1765;1765;Jasienica;1765
1766;1766;Jaworze;1766
1767;1767;Kozy;1767
1768;1768;Porąbka;1768
1769;1769;Wilamowice;1769
1770;1770;Wilkowice;1770
1771;1771;Cieszyn;1771
1772;1772;Ustroń;1772
1773;1773;Wisła;1773
1774;1774;Brenna;1774
1775;1775;Chybie;1775
1776;1776;Dębowiec;1776
1777;1777;Goleszów;1777
1778;1778;Hażlach;1778
1779;1779;Istebna;1779
1780;1780;Skoczów;1780
1781;1781;Strumień;1781
1782;1782;Zebrzydowice;1782
1783;1783;Blachownia;1783
1784;1784;Dąbrowa Zielona;1784
1785;1785;Janów;1785
1786;1786;Kamienica Polska;1786
1787;1787;Kłomnice;1787
1788;1788;Koniecpol;1788
1789;1789;Konopiska;1789
1790;1790;Kruszyna;1790
1791;1791;Lelów;1791
1792;1792;Mstów;1792
1793;1793;Mykanów;1793
1794;1794;Olsztyn;1794
1795;1795;Poczesna;1795
1796;1796;Przyrów;1796
1797;1797;Rędziny;1797
1798;1798;Starcza;1798
1799;1799;Knurów;1799
1800;1800;Pyskowice;1800
1801;1801;Gierałtowice;1801
1802;1802;Pilchowice;1802
1803;1803;Rudziniec;1803
1804;1804;Sośnicowice;1804
1805;1805;Toszek;1805
1806;1806;Wielowieś;1806
1807;1807;Kłobuck;1807
1808;1808;Krzepice;1808
1809;1809;Lipie;1809
1810;1810;Miedźno;1810
1811;1811;Opatów;1811
1812;1812;Panki;1812
1813;1813;Zawady;1813
1814;1814;Przystajń;1814
1815;1815;Wręczyca Wielka;1815
1816;1816;Lubliniec;1816
1817;1817;Boronów;1817
1818;1818;Ciasna;1818
1819;1819;Herby;1819
1820;1820;Kochanowice;1820
1821;1821;Koszęcin;1821
1822;1822;Pawonków;1822
1823;1823;Woźniki;1823
1824;1824;Łaziska Górne;1824
1825;1825;Mikołów;1825
1826;1826;Orzesze;1826
1827;1827;Ornontowice;1827
1828;1828;Wyry;1828
1829;1829;Myszków;1829
1830;1830;Koziegłowy;1830
1831;1831;Niegowa;1831
1832;1832;Poraj;1832
1833;1833;Żarki;1833
1834;1834;Goczałkowice-Zdrój;1834
1835;1835;Kobiór;1835
1836;1836;Miedźna;1836
1837;1837;Pawłowice;1837
1838;1838;Pszczyna;1838
1839;1839;Suszec;1839
1840;1840;Racibórz;1840
1841;1841;Kornowac;1841
1842;1842;Krzanowice;1842
1843;1843;Krzyżanowice;1843
1844;1844;Kuźnia Raciborska;1844
1845;1845;Nędza;1845
1846;1846;Pietrowice Wielkie;1846
1847;1847;Rudnik;1847
1848;1848;Czerwionka-Leszczyny;1848
1849;1849;Gaszowice;1849
1850;1850;Jejkowice;1850
1851;1851;Lyski;1851
1852;1852;Świerklany;1852
1853;1853;Kalety;1853
1854;1854;Miasteczko Śląskie;1854
1855;1855;Radzionków;1855
1856;1856;Tarnowskie Góry;1856
1857;1857;Krupski Młyn;1857
1858;1858;Ożarowice;1858
1859;1859;Świerklaniec;1859
1860;1860;Tworóg;1860
1861;1861;Zbrosławice;1861
1862;1862;Bieruń;1862
1863;1863;Imielin;1863
1864;1864;Lędziny;1864
1865;1865;Bojszowy;1865
1866;1866;Chełm Śląski;1866
1867;1867;Pszów;1867
1868;1868;Radlin;1868
1869;1869;Rydułtowy;1869
1870;1870;Wodzisław Śląski;1870
1871;1871;Godów;1871
1872;1872;Gorzyce;1872
1873;1873;Lubomia;1873
1874;1874;Marklowice;1874
1875;1875;Mszana;1875
1876;1876;Poręba;1876
1877;1877;Zawiercie;1877
1878;1878;Irządze;1878
1879;1879;Kroczyce;1879
1880;1880;Łazy;1880
1881;1881;Ogrodzieniec;1881
1882;1882;Pilica;1882
1883;1883;Szczekociny;1883
1884;1884;Włodowice;1884
1885;1885;Żarnowiec;1885
1886;1886;Żywiec;1886
1887;1887;Czernichów;1887
1888;1888;Gilowice;1888
1889;1889;Jeleśnia;1889
1890;1890;Koszarawa;1890
1891;1891;Lipowa;1891
1892;1892;Łękawica;1892
1893;1893;Łodygowice;1893
1894;1894;Milówka;1894
1895;1895;Radziechowy-Wieprz;1895
1896;1896;Rajcza;1896
1897;1897;Ślemień;1897
1898;1898;Świnna;1898
1899;1899;Ujsoły;1899
1900;1900;Węgierska Górka;1900
1901;1901;Bielsko-Biała;1901
1902;1902;Bytom;1902
1903;1903;Chorzów;1903
1904;1904;Częstochowa;1904
1905;1905;Dąbrowa Górnicza;1905
1906;1906;Gliwice;1906
1907;1907;Jastrzębie-Zdrój;1907
1908;1908;Jaworzno;1908
1909;1909;Katowice;1909
1910;1910;Mysłowice;1910
1911;1911;Piekary Śląskie;1911
1912;1912;Ruda Śląska;1912
1913;1913;Rybnik;1913
1914;1914;Siemianowice Śląskie;1914
1915;1915;Sosnowiec;1915
1916;1916;Świętochłowice;1916
1917;1917;Tychy;1917
1918;1918;Zabrze;1918
1919;1919;Żory;1919
1920;1920;Busko-Zdrój;1920
1921;1921;Gnojno;1921
1922;1922;Nowy Korczyn;1922
1923;1923;Pacanów;1923
1924;1924;Solec-Zdrój;1924
1925;1925;Stopnica;1925
1926;1926;Tuczępy;1926
1927;1927;Wiślica;1927
1928;1928;Imielno;1928
1929;1929;Jędrzejów;1929
1930;1930;Małogoszcz;1930
1931;1931;Nagłowice;1931
1932;1932;Oksa;1932
1933;1933;Sędziszów;1933
1934;1934;Słupia;1934
1935;1935;Sobków;1935
1936;1936;Wodzisław;1936
1937;1937;Bejsce;1937
1938;1938;Czarnocin;1938
1939;1939;Kazimierza Wielka;1939
1940;1940;Opatowiec;1940
1941;1941;Skalbmierz;1941
1942;1942;Bieliny;1942
1943;1943;Bodzentyn;1943
1944;1944;Chęciny;1944
1945;1945;Chmielnik;1945
1946;1946;Daleszyce;1946
1947;1947;Górno;1947
1948;1948;Łagów;1948
1949;1949;Łopuszno;1949
1950;1950;Masłów;1950
1951;1951;Miedziana Góra;1951
1952;1952;Mniów;1952
1953;1953;Morawica;1953
1954;1954;Nowa Słupia;1954
1955;1955;Piekoszów;1955
1956;1956;Pierzchnica;1956
1957;1957;Raków;1957
1958;1958;Nowiny;1958
1959;1959;Strawczyn;1959
1960;1960;Zagnańsk;1960
1961;1961;Fałków;1961
1962;1962;Gowarczów;1962
1963;1963;Końskie;1963
1964;1964;Radoszyce;1964
1965;1965;Ruda Maleniecka;1965
1966;1966;Słupia;1966
1967;1967;Smyków;1967
1968;1968;Stąporków;1968
1969;1969;Baćkowice;1969
1970;1970;Iwaniska;1970
1971;1971;Lipnik;1971
1972;1972;Opatów;1972
1973;1973;Ożarów;1973
1974;1974;Sadowie;1974
1975;1975;Tarłów;1975
1976;1976;Wojciechowice;1976
1977;1977;Ostrowiec Świętokrzyski;1977
1978;1978;Bałtów;1978
1979;1979;Ostrowiec Świętokrzyski;1979
1980;1980;Ćmielów;1980
1981;1981;Kunów;1981
1982;1982;Waśniów;1982
1983;1983;Działoszyce;1983
1984;1984;Kije;1984
1985;1985;Michałów;1985
1986;1986;Pińczów;1986
1987;1987;Złota;1987
1988;1988;Sandomierz;1988
1989;1989;Dwikozy;1989
1990;1990;Klimontów;1990
1991;1991;Koprzywnica;1991
1992;1992;Łoniów;1992
1993;1993;Obrazów;1993
1994;1994;Samborzec;1994
1995;1995;Wilczyce;1995
1996;1996;Zawichost;1996
1997;1997;Skarżysko-Kamienna;1997
1998;1998;Bliżyn;1998
1999;1999;Czerwona Górka;1999
2000;2000;Skarżysko Kościelne;2000
2001;2001;Suchedniów;2001
2002;2002;Starachowice;2002
2003;2003;Brody;2003
2004;2004;Mirzec;2004
2005;2005;Pawłów;2005
2006;2006;Wąchock;2006
2007;2007;Bogoria;2007
2008;2008;Łubnice;2008
2009;2009;Oleśnica;2009
2010;2010;Osiek;2010
2011;2011;Połaniec;2011
2012;2012;Rytwiany;2012
2013;2013;Staszów;2013
2014;2014;Szydłów;2014
2015;2015;Kluczewsko;2015
2016;2016;Krasocin;2016
2017;2017;Moskorzew;2017
2018;2018;Radków;2018
2019;2019;Secemin;2019
2020;2020;Włoszczowa;2020
2021;2021;Kielce;2021
2022;2022;Bartoszyce;2022
2023;2023;Górowo Iławeckie;2023
2024;2024;Bartoszyce;2024
2025;2025;Bisztynek;2025
2026;2026;Górowo Iławeckie;2026
2027;2027;Sępopol;2027
2028;2028;Braniewo;2028
2029;2029;Braniewo;2029
2030;2030;Frombork;2030
2031;2031;Lelkowo;2031
2032;2032;Pieniężno;2032
2033;2033;Płoskinia;2033
2034;2034;Wilczęta;2034
2035;2035;Działdowo;2035
2036;2036;Działdowo;2036
2037;2037;Iłowo-Osada;2037
2038;2038;Lidzbark;2038
2039;2039;Płośnica;2039
2040;2040;Rybno;2040
2041;2041;Elbląg;2041
2042;2042;Godkowo;2042
2043;2043;Gronowo Elbląskie;2043
2044;2044;Markusy;2044
2045;2045;Milejewo;2045
2046;2046;Młynary;2046
2047;2047;Pasłęk;2047
2048;2048;Rychliki;2048
2049;2049;Tolkmicko;2049
2050;2050;Ełk;2050
2051;2051;Ełk;2051
2052;2052;Kalinowo;2052
2053;2053;Prostki;2053
2054;2054;Stare Juchy;2054
2055;2055;Giżycko;2055
2056;2056;Giżycko;2056
2057;2057;Kruklanki;2057
2058;2058;Miłki;2058
2059;2059;Ryn;2059
2060;2060;Wydminy;2060
2061;2061;Iława;2061
2062;2062;Lubawa;2062
2063;2063;Iława;2063
2064;2064;Kisielice;2064
2065;2065;Lubawa;2065
2066;2066;Susz;2066
2067;2067;Zalewo;2067
2068;2068;Kętrzyn;2068
2069;2069;Barciany;2069
2070;2070;Kętrzyn;2070
2071;2071;Korsze;2071
2072;2072;Reszel;2072
2073;2073;Srokowo;2073
2074;2074;Lidzbark Warmiński;2074
2075;2075;Kiwity;2075
2076;2076;Lidzbark Warmiński;2076
2077;2077;Lubomino;2077
2078;2078;Orneta;2078
2079;2079;Mrągowo;2079
2080;2080;Mikołajki;2080
2081;2081;Mrągowo;2081
2082;2082;Piecki;2082
2083;2083;Sorkwity;2083
2084;2084;Janowiec Kościelny;2084
2085;2085;Janowo;2085
2086;2086;Kozłowo;2086
2087;2087;Nidzica;2087
2088;2088;Nowe Miasto Lubawskie;2088
2089;2089;Biskupiec;2089
2090;2090;Grodziczno;2090
2091;2091;Kurzętnik;2091
2092;2092;Mszanowo;2092
2093;2093;Kowale Oleckie;2093
2094;2094;Olecko;2094
2095;2095;Świętajno;2095
2096;2096;Wieliczki;2096
2097;2097;Barczewo;2097
2098;2098;Biskupiec;2098
2099;2099;Dobre Miasto;2099
2100;2100;Dywity;2100
2101;2101;Gietrzwałd;2101
2102;2102;Jeziorany;2102
2103;2103;Jonkowo;2103
2104;2104;Kolno;2104
2105;2105;Olsztynek;2105
2106;2106;Purda;2106
2107;2107;Stawiguda;2107
2108;2108;Świątki;2108
2109;2109;Ostróda;2109
2110;2110;Dąbrówno;2110
2111;2111;Gierzwałd;2111
2112;2112;Łukta;2112
2113;2113;Małdyty;2113
2114;2114;Miłakowo;2114
2115;2115;Miłomłyn;2115
2116;2116;Morąg;2116
2117;2117;Ostróda;2117
2118;2118;Biała Piska;2118
2119;2119;Orzysz;2119
2120;2120;Pisz;2120
2121;2121;Ruciane-Nida;2121
2122;2122;Szczytno;2122
2123;2123;Dźwierzuty;2123
2124;2124;Jedwabno;2124
2125;2125;Pasym;2125
2126;2126;Rozogi;2126
2127;2127;Szczytno;2127
2128;2128;Świętajno;2128
2129;2129;Wielbark;2129
2130;2130;Banie Mazurskie;2130
2131;2131;Dubeninki;2131
2132;2132;Gołdap;2132
2133;2133;Budry;2133
2134;2134;Pozezdrze;2134
2135;2135;Węgorzewo;2135
2136;2136;Elbląg;2136
2137;2137;Olsztyn;2137
2138;2138;Chodzież;2138
2139;2139;Budzyń;2139
2140;2140;Chodzież;2140
2141;2141;Margonin;2141
2142;2142;Szamocin;2142
2143;2143;Czarnków;2143
2144;2144;Czarnków;2144
2145;2145;Drawsko;2145
2146;2146;Krzyż Wielkopolski;2146
2147;2147;Lubasz;2147
2148;2148;Połajewo;2148
2149;2149;Trzcianka;2149
2150;2150;Wieleń;2150
2151;2151;Gniezno;2151
2152;2152;Czerniejewo;2152
2153;2153;Gniezno;2153
2154;2154;Kiszkowo;2154
2155;2155;Kłecko;2155
2156;2156;Łubowo;2156
2157;2157;Mieleszyn;2157
2158;2158;Niechanowo;2158
2159;2159;Trzemeszno;2159
2160;2160;Witkowo;2160
2161;2161;Borek Wielkopolski;2161
2162;2162;Gostyń;2162
2163;2163;Krobia;2163
2164;2164;Pępowo;2164
2165;2165;Piaski;2165
2166;2166;Pogorzela;2166
2167;2167;Poniec;2167
2168;2168;Granowo;2168
2169;2169;Grodzisk Wielkopolski;2169
2170;2170;Kamieniec;2170
2171;2171;Rakoniewice;2171
2172;2172;Wielichowo;2172
2173;2173;Jaraczewo;2173
2174;2174;Jarocin;2174
2175;2175;Kotlin;2175
2176;2176;Żerków;2176
2177;2177;Blizanów;2177
2178;2178;Brzeziny;2178
2179;2179;Ceków-Kolonia;2179
2180;2180;Godziesze Wielkie;2180
2181;2181;Koźminek;2181
2182;2182;Lisków;2182
2183;2183;Słuszków;2183
2184;2184;Opatówek;2184
2185;2185;Stawiszyn;2185
2186;2186;Szczytniki;2186
2187;2187;Żelazków;2187
2188;2188;Baranów;2188
2189;2189;Bralin;2189
2190;2190;Kępno;2190
2191;2191;Łęka Opatowska;2191
2192;2192;Perzów;2192
2193;2193;Rychtal;2193
2194;2194;Trzcinica;2194
2195;2195;Koło;2195
2196;2196;Babiak;2196
2197;2197;Chodów;2197
2198;2198;Dąbie;2198
2199;2199;Grzegorzew;2199
2200;2200;Kłodawa;2200
2201;2201;Koło;2201
2202;2202;Kościelec;2202
2203;2203;Olszówka;2203
2204;2204;Osiek Mały;2204
2205;2205;Przedecz;2205
2206;2206;Golina;2206
2207;2207;Grodziec;2207
2208;2208;Kazimierz Biskupi;2208
2209;2209;Kleczew;2209
2210;2210;Kramsk;2210
2211;2211;Krzymów;2211
2212;2212;Rychwał;2212
2213;2213;Rzgów;2213
2214;2214;Skulsk;2214
2215;2215;Sompolno;2215
2216;2216;Stare Miasto;2216
2217;2217;Ślesin;2217
2218;2218;Wierzbinek;2218
2219;2219;Wilczyn;2219
2220;2220;Kościan;2220
2221;2221;Czempiń;2221
2222;2222;Kościan;2222
2223;2223;Krzywiń;2223
2224;2224;Śmigiel;2224
2225;2225;Sulmierzyce;2225
2226;2226;Kobylin;2226
2227;2227;Koźmin Wielkopolski;2227
2228;2228;Krotoszyn;2228
2229;2229;Rozdrażew;2229
2230;2230;Zduny;2230
2231;2231;Krzemieniewo;2231
2232;2232;Lipno;2232
2233;2233;Osieczna;2233
2234;2234;Rydzyna;2234
2235;2235;Święciechowa;2235
2236;2236;Wijewo;2236
2237;2237;Włoszakowice;2237
2238;2238;Chrzypsko Wielkie;2238
2239;2239;Kwilcz;2239
2240;2240;Międzychód;2240
2241;2241;Sieraków;2241
2242;2242;Kuślin;2242
2243;2243;Lwówek;2243
2244;2244;Miedzichowo;2244
2245;2245;Nowy Tomyśl;2245
2246;2246;Opalenica;2246
2247;2247;Zbąszyń;2247
2248;2248;Oborniki;2248
2249;2249;Rogoźno;2249
2250;2250;Ryczywół;2250
2251;2251;Ostrów Wielkopolski;2251
2252;2252;Skalmierzyce;2252
2253;2253;Odolanów;2253
2254;2254;Ostrów Wielkopolski;2254
2255;2255;Przygodzice;2255
2256;2256;Raszków;2256
2257;2257;Sieroszewice;2257
2258;2258;Sośnie;2258
2259;2259;Czajków;2259
2260;2260;Doruchów;2260
2261;2261;Grabów nad Prosną;2261
2262;2262;Kobyla Góra;2262
2263;2263;Kraszewice;2263
2264;2264;Mikstat;2264
2265;2265;Ostrzeszów;2265
2266;2266;Piła;2266
2267;2267;Białośliwie;2267
2268;2268;Kaczory;2268
2269;2269;Łobżenica;2269
2270;2270;Miasteczko Krajeńskie;2270
2271;2271;Szydłowo;2271
2272;2272;Ujście;2272
2273;2273;Wyrzysk;2273
2274;2274;Wysoka;2274
2275;2275;Chocz;2275
2276;2276;Czermin;2276
2277;2277;Dobrzyca;2277
2278;2278;Gizałki;2278
2279;2279;Gołuchów;2279
2280;2280;Pleszew;2280
2281;2281;Luboń;2281
2282;2282;Puszczykowo;2282
2283;2283;Buk;2283
2284;2284;Czerwonak;2284
2285;2285;Dopiewo;2285
2286;2286;Kleszczewo;2286
2287;2287;Komorniki;2287
2288;2288;Kostrzyn;2288
2289;2289;Kórnik;2289
2290;2290;Mosina;2290
2291;2291;Murowana Goślina;2291
2292;2292;Pobiedziska;2292
2293;2293;Rokietnica;2293
2294;2294;Stęszew;2294
2295;2295;Suchy Las;2295
2296;2296;Swarzędz;2296
2297;2297;Tarnowo Podgórne;2297
2298;2298;Bojanowo;2298
2299;2299;Jutrosin;2299
2300;2300;Miejska Górka;2300
2301;2301;Pakosław;2301
2302;2302;Rawicz;2302
2303;2303;Słupca;2303
2304;2304;Lądek;2304
2305;2305;Orchowo;2305
2306;2306;Ostrowite;2306
2307;2307;Powidz;2307
2308;2308;Słupca;2308
2309;2309;Strzałkowo;2309
2310;2310;Zagórów;2310
2311;2311;Obrzycko;2311
2312;2312;Duszniki;2312
2313;2313;Kaźmierz;2313
2314;2314;Obrzycko;2314
2315;2315;Ostroróg;2315
2316;2316;Pniewy;2316
2317;2317;Szamotuły;2317
2318;2318;Wronki;2318
2319;2319;Dominowo;2319
2320;2320;Krzykosy;2320
2321;2321;Nowe Miasto Nad Wartą;2321
2322;2322;Środa Wielkopolska;2322
2323;2323;Zaniemyśl;2323
2324;2324;Brodnica;2324
2325;2325;Dolsk;2325
2326;2326;Książ Wielkopolski;2326
2327;2327;Śrem;2327
2328;2328;Turek;2328
2329;2329;Brudzew;2329
2330;2330;Dobra;2330
2331;2331;Kawęczyn;2331
2332;2332;Malanów;2332
2333;2333;Przykona;2333
2334;2334;Tuliszków;2334
2335;2335;Turek;2335
2336;2336;Władysławów;2336
2337;2337;Wągrowiec;2337
2338;2338;Damasławek;2338
2339;2339;Gołańcz;2339
2340;2340;Mieścisko;2340
2341;2341;Skoki;2341
2342;2342;Wapno;2342
2343;2343;Wągrowiec;2343
2344;2344;Przemęt;2344
2345;2345;Siedlec;2345
2346;2346;Wolsztyn;2346
2347;2347;Kołaczkowo;2347
2348;2348;Miłosław;2348
2349;2349;Nekla;2349
2350;2350;Pyzdry;2350
2351;2351;Września;2351
2352;2352;Złotów;2352
2353;2353;Jastrowie;2353
2354;2354;Krajenka;2354
2355;2355;Lipka;2355
2356;2356;Okonek;2356
2357;2357;Tarnówka;2357
2358;2358;Zakrzewo;2358
2359;2359;Złotów;2359
2360;2360;Kalisz;2360
2361;2361;Konin;2361
2362;2362;Leszno;2362
2363;2363;Poznań;2363
2364;2364;Białogard;2364
2365;2365;Białogard;2365
2366;2366;Karlino;2366
2367;2367;Tychowo;2367
2368;2368;Bierzwnik;2368
2369;2369;Choszczno;2369
2370;2370;Drawno;2370
2371;2371;Krzęcin;2371
2372;2372;Pełczyce;2372
2373;2373;Recz;2373
2374;2374;Czaplinek;2374
2375;2375;Drawsko Pomorskie;2375
2376;2376;Kalisz Pomorski;2376
2377;2377;Wierzchowo;2377
2378;2378;Złocieniec;2378
2379;2379;Goleniów;2379
2380;2380;Maszewo;2380
2381;2381;Nowogard;2381
2382;2382;Osina;2382
2383;2383;Przybiernów;2383
2384;2384;Stepnica;2384
2385;2385;Brojce;2385
2386;2386;Gryfice;2386
2387;2387;Karnice;2387
2388;2388;Płoty;2388
2389;2389;Rewal;2389
2390;2390;Trzebiatów;2390
2391;2391;Banie;2391
2392;2392;Cedynia;2392
2393;2393;Chojna;2393
2394;2394;Gryfino;2394
2395;2395;Mieszkowice;2395
2396;2396;Moryń;2396
2397;2397;Stare Czarnowo;2397
2398;2398;Trzcińsko - Zdrój;2398
2399;2399;Widuchowa;2399
2400;2400;Dziwnów;2400
2401;2401;Golczewo;2401
2402;2402;Kamień Pomorski;2402
2403;2403;Międzyzdroje;2403
2404;2404;Świerzno;2404
2405;2405;Wolin;2405
2406;2406;Kołobrzeg;2406
2407;2407;Dygowo;2407
2408;2408;Gościno;2408
2409;2409;Kołobrzeg;2409
2410;2410;Rymań;2410
2411;2411;Siemyśl;2411
2412;2412;Ustronie Morskie;2412
2413;2413;Będzino;2413
2414;2414;Biesiekierz;2414
2415;2415;Bobolice;2415
2416;2416;Manowo;2416
2417;2417;Mielno;2417
2418;2418;Polanów;2418
2419;2419;Sianów;2419
2420;2420;Świeszyno;2420
2421;2421;Barlinek;2421
2422;2422;Boleszkowice;2422
2423;2423;Dębno;2423
2424;2424;Myślibórz;2424
2425;2425;Nowogródek Pomorski;2425
2426;2426;Dobra;2426
2427;2427;Kołbaskowo;2427
2428;2428;Nowe Warpno;2428
2429;2429;Police;2429
2430;2430;Bielice;2430
2431;2431;Kozielice;2431
2432;2432;Lipiany;2432
2433;2433;Przelewice;2433
2434;2434;Pyrzyce;2434
2435;2435;Warnice;2435
2436;2436;Darłowo;2436
2437;2437;Sławno;2437
2438;2438;Darłowo;2438
2439;2439;Malechowo;2439
2440;2440;Postomino;2440
2441;2441;Sławno;2441
2442;2442;Stargard;2442
2443;2443;Chociwel;2443
2444;2444;Dobrzany;2444
2445;2445;Dolice;2445
2446;2446;Ińsko;2446
2447;2447;Kobylanka;2447
2448;2448;Marianowo;2448
2449;2449;Stara Dąbrowa;2449
2450;2450;Stargard;2450
2451;2451;Suchań;2451
2452;2452;Szczecinek;2452
2453;2453;Barwice;2453
2454;2454;Biały Bór;2454
2455;2455;Borne Sulinowo;2455
2456;2456;Grzmiąca;2456
2457;2457;Szczecinek;2457
2458;2458;Świdwin;2458
2459;2459;Brzeżno;2459
2460;2460;Połczyn-Zdrój;2460
2461;2461;Rąbino;2461
2462;2462;Sławoborze;2462
2463;2463;Świdwin;2463
2464;2464;Wałcz;2464
2465;2465;Człopa;2465
2466;2466;Mirosławiec;2466
2467;2467;Tuczno;2467
2468;2468;Wałcz;2468
2469;2469;Dobra;2469
2470;2470;Łobez;2470
2471;2471;Radowo Małe;2471
2472;2472;Resko;2472
2473;2473;Węgorzyno;2473
2474;2474;Koszalin;2474
2475;2475;Szczecin;2475
2476;2476;Świnoujście;2476
2477;2477;Żabno;2477
